bad response, http://wikihow.com/"Adopt"-an-Animal-with-World-Wildlife-Fund-(WWF)-
bad response, http://wikihow.com/"Adopt"-an-Animal-with-Wwf-
bad response, http://wikihow.com/"Age"-Paper-Using-Paste-Shoe-Polish-
bad response, http://wikihow.com/"Be"-Sasuke-in-a-Realistic-and-Legal-Sense-
bad response, http://wikihow.com/"Bend"-It-Like-Beckham-
bad response, http://wikihow.com/"Break"-Your-Nose-
bad response, http://wikihow.com/"Breed"-Pet-Rocks-(Pretend)-
bad response, http://wikihow.com/"Buy-Cars-at-Vehicle-Salvage-Auctions"-
bad response, http://wikihow.com/"Clean"-Your-Room-and-Keep-out-Your-Lps-
bad response, http://wikihow.com/"Compliment"-Your-Way-to-Success-
bad response, http://wikihow.com/"Doll-Up"-Clothes-
bad response, http://wikihow.com/"Find-Government-Used-Car-Auctions"-
bad response, http://wikihow.com/"Find-the-Right-Dog-Bed"-
bad response, http://wikihow.com/"Hack"-Your-Computer-(Apple)-
bad response, http://wikihow.com/"Hide-the-Plait"-
bad response, http://wikihow.com/"How-To-Generate-FREE-Electricity-with-Solar-Panels-and-Never-Have-to-Pay-a-Single-Dime-to-the-Power-Company-Again-â-âEarth4Energy!â-
bad response, http://wikihow.com/"How-to-Do-a-Truckstand"-
bad response, http://wikihow.com/"How-to-Get-Something-You-Dont-Have."-
bad response, http://wikihow.com/"How-to-Get-Two-Friends-Back-Together"-
bad response, http://wikihow.com/"How-to-Hide-Sweat-Stains---Undressing"-
bad response, http://wikihow.com/"How-to-Measure-for-Hair-Extensions"-
bad response, http://wikihow.com/"How-to-Play-Zombie's-in-Call-of-Duty-5-(Not-Zombie-Nazi's)"-
bad response, http://wikihow.com/"How-to-Upcycle-plastic-bottles:-Self-watering-(or-'hydroponic')-growing-containers"-
bad response, http://wikihow.com/"How-to-create-a-novel-in-six-months~Week-1~Part-2:-Organizing"-
bad response, http://wikihow.com/"How-to"-Create-Own-Musthead-from-Any-Black-and-White-Paper-
bad response, http://wikihow.com/"Know-Tips-on-Buying-Used-Vehicles"-
bad response, http://wikihow.com/"Know-Top-Tips-to-Car-Selling-Success"-
bad response, http://wikihow.com/"Know-Your-Used-Car's-History"-
bad response, http://wikihow.com/"Look-for-in-a-Medical-Answering-Service"-
bad response, http://wikihow.com/"Magically"-Guess-Someone's-Favorite-Color-
bad response, http://wikihow.com/"Maintain-Rv-Shows"-
bad response, http://wikihow.com/"Make-3-D-Christmas-Trees"-
bad response, http://wikihow.com/"Make"-Your-Basketball-Coach-Give-You-More-Playing-Time-
bad response, http://wikihow.com/"Provide-Best-Rv-Rentals"-
bad response, http://wikihow.com/"Pull-Apart"-Your-Finger-
bad response, http://wikihow.com/"Revive"-Old-Objects-
bad response, http://wikihow.com/"Ride"-a-Dog-
bad response, http://wikihow.com/"See-if-a-Guy-Likes-You-when-You've-Told-Him-That-You-Like-Him"-
bad response, http://wikihow.com/"Select-the-Best-Dog-Food"-
bad response, http://wikihow.com/"Speed-Clean"-a-Bicycle-
bad response, http://wikihow.com/"Start-Buying-and-Selling-Cars-for-Profit"-
bad response, http://wikihow.com/"Stat-Pad"-in-2142-
bad response, http://wikihow.com/"Store"-Christmas-Decoration-Boxes-During-Christmas-
bad response, http://wikihow.com/"Super"-Click-Your-Tongue-
bad response, http://wikihow.com/"Supplies-for-Your-Purse"-
bad response, http://wikihow.com/"Take-Your-Pick-of-the-Rv-That-Suits-Your-Style"-
bad response, http://wikihow.com/"Telephone-Answering-Services-Provide-a-Multitude-of-Services"-
bad response, http://wikihow.com/"Things-You-Should-Consider-While-Hiring-a-Telephone-Answering-Service"-
bad response, http://wikihow.com/"Tooth-Whistle"-
bad response, http://wikihow.com/"Travel-Motor-Home"-
bad response, http://wikihow.com/"Upflip"-(New-Trick)-on-a-Tech-Deck-
bad response, http://wikihow.com/"Use-Dealer-Plates"-
bad response, http://wikihow.com/"predict-the-Future"-Card-Trick-
bad response, http://wikihow.com/%S-
